{
  "categories": [
    {
      "name": "Motivation",
      "questions": [
        {
          "quote": "Life isn't about getting and having, it's about giving and being.",
          "hint": "Author is a leadership speaker and writer",
          "answer": "Kevin Kruse"
        },
        {
          "quote": "Whatever the mind of man can conceive and believe, it can achieve.",
          "hint": "Author of 'Think and Grow Rich'",
          "answer": "Napoleon Hill"
        },
        {
          "quote": "Strive not to be a success, but rather to be of value.",
          "hint": "Physicist, Theory of Relativity",
          "answer": "Albert Einstein"
        },
        {
          "quote": "Eighty percent of success is showing up.",
          "hint": "American filmmaker and comedian",
          "answer": "Woody Allen"
        },
        {
          "quote": "The best revenge is massive success.",
          "hint": "Famous singer, 'My Way'",
          "answer": "Frank Sinatra"
        },
        {
          "quote": "If you're offered a seat on a rocket ship, don't ask what seat! Just get on.",
          "hint": "COO of Facebook",
          "answer": "Sheryl Sandberg"
        },
        {
          "quote": "Life shrinks or expands in proportion to one's courage.",
          "hint": "Author of 'Delta of Venus'",
          "answer": "Anais Nin"
        },
        {
          "quote": "Do what you can, where you are, with what you have.",
          "hint": "26th U.S. President",
          "answer": "Theodore Roosevelt"
        },
        {
          "quote": "Dream big and dare to fail.",
          "hint": "American polar explorer",
          "answer": "Norman Vaughan"
        },
        {
          "quote": "The only way to do great work is to love what you do.",
          "hint": "Apple co-founder",
          "answer": "Steve Jobs"
        }
      ]
    },
    {
      "name": "Philosophy",
      "questions": [
        {
          "quote": "An unexamined life is not worth living.",
          "hint": "Greek philosopher, teacher of Plato",
          "answer": "Socrates"
        },
        {
          "quote": "The mind is everything. What you think you become.",
          "hint": "Religious figure, enlightenment",
          "answer": "Buddha"
        },
        {
          "quote": "There is only one way to avoid criticism: do nothing, say nothing, and be nothing.",
          "hint": "Greek philosopher, student of Plato",
          "answer": "Aristotle"
        },
        {
          "quote": "We can easily forgive a child who is afraid of the dark; the real tragedy of life is when men are afraid of the light.",
          "hint": "Greek philosopher, student of Socrates",
          "answer": "Plato"
        },
        {
          "quote": "Teach thy tongue to say, 'I do not know,' and thous shalt progress.",
          "hint": "Jewish philosopher, Middle Ages",
          "answer": "Maimonides"
        },
        {
          "quote": "When I let go of what I am, I become what I might be.",
          "hint": "Ancient Chinese philosopher, Taoism",
          "answer": "Lao Tzu"
        },
        {
          "quote": "Life is really simple, but we insist on making it complicated.",
          "hint": "Chinese philosopher, founder of Confucianism",
          "answer": "Confucius"
        },
        {
          "quote": "The unexamined belief is the most dangerous one.",
          "hint": "Greek, mentor of Alexander the Great",
          "answer": "Aristotle"
        },
        {
          "quote": "Happiness is not an ideal of reason but of imagination.",
          "hint": "German philosopher of Enlightenment",
          "answer": "Immanuel Kant"
        },
        {
          "quote": "Man is condemned to be free.",
          "hint": "French existentialist",
          "answer": "Jean-Paul Sartre"
        }
      ]
    },
    {
      "name": "Literature",
      "questions": [
        {
          "quote": "Two roads diverged in a wood, and I took the one less traveled by.",
          "hint": "American poet, 'The Road Not Taken'",
          "answer": "Robert Frost"
        },
        {
          "quote": "Twenty years from now you will be more disappointed by the things you didn't do than by the ones you did do.",
          "hint": "American writer, 'Tom Sawyer'",
          "answer": "Mark Twain"
        },
        {
          "quote": "Either write something worth reading or do something worth writing.",
          "hint": "American inventor, Declaration of Independence signer",
          "answer": "Benjamin Franklin"
        },
        {
          "quote": "It is never too late to be what you might have been.",
          "hint": "English novelist, pen name of Mary Ann Evans",
          "answer": "George Eliot"
        },
        {
          "quote": "We must believe that we are gifted for something.",
          "hint": "Pioneering female scientist",
          "answer": "Marie Curie"
        },
        {
          "quote": "Do I dare disturb the universe?",
          "hint": "Poet, 'The Love Song of J. Alfred Prufrock'",
          "answer": "T.S. Eliot"
        },
        {
          "quote": "A room without books is like a body without a soul.",
          "hint": "Roman philosopher and statesman",
          "answer": "Cicero"
        },
        {
          "quote": "Not all those who wander are lost.",
          "hint": "Author of 'The Lord of the Rings'",
          "answer": "J.R.R. Tolkien"
        },
        {
          "quote": "So we beat on, boats against the current, borne back ceaselessly into the past.",
          "hint": "Author of 'The Great Gatsby'",
          "answer": "F. Scott Fitzgerald"
        },
        {
          "quote": "It was the best of times, it was the worst of times.",
          "hint": "Author of 'A Tale of Two Cities'",
          "answer": "Charles Dickens"
        }
      ]
    },
    {
      "name": "Sports",
      "questions": [
        {
          "quote": "You miss 100% of the shots you don't take.",
          "hint": "Hockey legend",
          "answer": "Wayne Gretzky"
        },
        {
          "quote": "I've failed over and over and over again in my life. And that is why I succeed.",
          "hint": "NBA legend, Chicago Bulls",
          "answer": "Michael Jordan"
        },
        {
          "quote": "Every strike brings me closer to the next home run.",
          "hint": "Baseball legend, New York Yankees",
          "answer": "Babe Ruth"
        },
        {
          "quote": "Winning isn't everything, but wanting to win is.",
          "hint": "NFL coach, Super Bowl trophy named after him",
          "answer": "Vince Lombardi"
        },
        {
          "quote": "The battles that count aren't the ones for gold medals. The struggles within yourself–the invisible battles inside all of us–that's where it's at.",
          "hint": "Olympic sprinter",
          "answer": "Jesse Owens"
        },
        {
          "quote": "Champions keep playing until they get it right.",
          "hint": "Tennis star, 23 Grand Slam titles",
          "answer": "Serena Williams"
        },
        {
          "quote": "I hated every minute of training, but I said, 'Don't quit. Suffer now and live the rest of your life as a champion.'",
          "hint": "Boxing legend, 'The Greatest'",
          "answer": "Muhammad Ali"
        },
        {
          "quote": "Success is where preparation and opportunity meet.",
          "hint": "Roman philosopher, often quoted in sports",
          "answer": "Seneca"
        },
        {
          "quote": "You have to expect things of yourself before you can do them.",
          "hint": "NBA legend, Air Jordan",
          "answer": "Michael Jordan"
        },
        {
          "quote": "I've never lost a game. I just ran out of time.",
          "hint": "NBA coach and player, 'The Logo'",
          "answer": "Michael Jordan"
        }
      ]
    },
    {
      "name": "History",
      "questions": [
        {
          "quote": "The only thing we have to fear is fear itself.",
          "hint": "32nd U.S. President, New Deal",
          "answer": "Franklin D. Roosevelt"
        },
        {
          "quote": "Injustice anywhere is a threat to justice everywhere.",
          "hint": "Civil rights leader",
          "answer": "Martin Luther King Jr."
        },
        {
          "quote": "Give me liberty, or give me death!",
          "hint": "American Revolutionary, Virginia orator",
          "answer": "Patrick Henry"
        },
        {
          "quote": "Mr. Gorbachev, tear down this wall!",
          "hint": "40th U.S. President",
          "answer": "Ronald Reagan"
        },
        {
          "quote": "That's one small step for man, one giant leap for mankind.",
          "hint": "First man on the moon",
          "answer": "Neil Armstrong"
        },
        {
          "quote": "I came, I saw, I conquered.",
          "hint": "Roman general",
          "answer": "Julius Caesar"
        },
        {
          "quote": "Let them eat cake.",
          "hint": "French queen during the Revolution",
          "answer": "Marie Antoinette"
        },
        {
          "quote": "The die is cast.",
          "hint": "Crossing the Rubicon",
          "answer": "Julius Caesar"
        },
        {
          "quote": "Government of the people, by the people, for the people, shall not perish from the Earth.",
          "hint": "16th U.S. President",
          "answer": "Abraham Lincoln"
        },
        {
          "quote": "Power tends to corrupt, and absolute power corrupts absolutely.",
          "hint": "British historian, 19th century",
          "answer": "Lord Acton"
        }
      ]
    }
  ]
}
