{
  "project_info": {
    "project_number": "812274872434",
    "project_id": "quotehuntgame",
    "storage_bucket": "quotehuntgame.firebasestorage.app"
  },
  "client": [
    {
      "client_info": {
        "mobilesdk_app_id": "1:812274872434:android:b514704816096acc0d12eb",
        "android_client_info": {
          "package_name": "com.quotehunt.game"
        }
      },
      "oauth_client": [],
      "api_key": [
        {
          "current_key": "AIzaSyCa9pHu4gbZdiYM4SsDXQrQ1LQ4sLO3XDE"
        }
      ],
      "services": {
        "appinvite_service": {
          "other_platform_oauth_client": []
        }
      }
    }
  ],
  "configuration_version": "1"
}